<?xml version="1.0" encoding="UTF-8" standalone="yes"?>
<manifest>
  <control namespace="mhs" constructor="dynamictext" version="0.0.1" display-name-key="dynamictext" description-key="dynamictext description" control-type="standard" api-version="1.3.4">
    <external-service-usage enabled="false"/>
    <property name="sampleProperty" display-name-key="Property_Display_Key" description-key="Property_Desc_Key" of-type="SingleLine.Text" usage="bound" required="true"/>
    <property name="MultilineText" display-name-key="MultilineText" description-key="MultilineText" of-type="Multiple" usage="input" required="false"/>
    <property name="Lookup" display-name-key="Lookup" description-key="Lookup" of-type="Lookup.Simple" usage="bound" required="false"/>
    <property name="entityname" display-name-key="entityname" description-key="entityname" of-type="SingleLine.Text" usage="input" required="false"/>
    <property name="requiredAttributeKey" display-name-key="requiredAttributeKey" description-key="requiredAttributeKey" of-type="SingleLine.Text" usage="input" required="false"/>
    <property name="requiredAttributeValue" display-name-key="requiredAttributeValue" description-key="requiredAttributeValue" of-type="SingleLine.Text" usage="input" required="false"/>
    <resources>
      <code path="bundle.js" order="1"/>
    </resources>
    <built-by name="pac" version="1.21.5"/>
  </control>
</manifest>